epoch,laptop_height
1791394177,4443101
1791394182,4443101
1791394187,4443101
1791394192,4443101
1791394197,4443101
1791394202,4443101
1791394207,4443101
1791394212,4443101
1791394217,4443101
1791394222,4443101
1791394228,4443101
1791394233,4443101
1791394238,4443101
1791394243,4443101
1791394248,4443101
1791394253,4443101
1791394258,4443101
1791394263,4443101
1791394268,4443101
1791394273,4443101
1791394278,4443101
1791394283,4443101
1791394289,4443101
1791394294,4443101
1791394299,4443101
1791394304,4443101
1791394309,4443101
1791394314,4443101
1791394319,4443101
1791394324,4443101
1791394329,4443101
1791394334,4443101
1791394339,4423101
1791394345,4423101
1791394350,4423101
1791394355,4423101
1791394360,4423101
1791394365,4423101
1791394370,4424893
1791394375,4424893
1791394380,4424893
1791394385,4424893
1791394390,4424893
1791394395,4426173
1791394401,4426173
1791394406,4426173
1791394411,4426173
1791394416,4426173
1791394421,4426173
1791394426,4426173
1791394431,4426173
1791394436,4428477
1791394441,4428477
1791394446,4428477
1791394451,4428477
1791394456,4429501
1791394462,4429501
1791394467,4429501
1791394472,4429501
1791394477,4429501
1791394482,4429501
1791394487,4429501
1791394492,4429501
1791394497,4429501
1791394502,4434124
1791394507,4434124
1791394512,4434124
1791394518,4437708
1791394523,4437708
1791394528,4437708
1791394533,4437708
1791394538,4437708
1791394543,4437708
1791394548,4437708
1791394553,4437708
1791394558,4437708
1791394563,4437708
1791394568,4443101
